Numero,One_Way_Delay_seg
1,0.500709
2,-2313121586625.361328
3,-2313121586624.860840
4,-2313121586624.360840
5,-2313121586623.860352
6,-2313121586623.359863
7,-2313121586622.859863
8,-2313121586622.359375
9,-2313121586621.859375
10,-2313121586621.358887
11,-2313121586620.858887
12,-2313121586620.358887
13,-2313121586619.858398
14,-2313121586619.357910
15,-2313121586618.857422
