Numero,One_Way_Delay_seg
1,0.000247
2,0.000227
3,0.000226
4,0.000219
5,0.000184
6,0.000228
7,0.000223
8,0.000234
9,0.000250
10,0.000283
11,0.000208
12,0.000210
